epsilon,GAPBM_MeanDist(m),FixedDP_MeanDist(m),GAPBM_improvement(%)
0.1,16992.14,16890.71,-0.6005076163169002
0.2,16777.7,16589.86,-1.13225789729389
0.5,16189.11,15758.56,-2.7321658831771503
1.0,15353.12,14548.69,-5.529226342715394
2.0,13878.34,12516.86,-10.877168874621907
3.0,12688.21,10881.52,-16.603287040781055
5.0,10796.1,8470.86,-27.449869316692755
