method,epsilon,MAE(°),RMSE(°),MeanDist(m),MaxDist(m),TLR,DDA(°),MSDR(°),KL_Div,Heatmap_Corr,SensZone_Err,NonSensZone_Err
GAPBM,1.0,0.10763,0.123591,15353.12,29382.24,307.4763,89.4106,0.174784,23.338544,-0.015691,0.174683,0.160355
FixedDP,1.0,0.101071,0.118045,14548.69,29382.24,296.4929,89.1974,0.166941,21.891541,-0.018658,0.154055,0.155576
