{
  "epsilon": 1.0,
  "results": {
    "GAPBM": {
      "MAE(°)": 0.092343,
      "RMSE(°)": 0.102695,
      "MeanDist(m)": 13584.08,
      "MaxDist(m)": 26927.45,
      "TLR": 1384.5062,
      "DDA(°)": 90.1968,
      "MSDR(°)": 0.145232,
      "KL_Div": 23.415935,
      "Heatmap_Corr": -0.006782,
      "SensZone_Err": 0.144004,
      "NonSensZone_Err": 0.134989
    },
    "FixedDP": {
      "MAE(°)": 0.086446,
      "RMSE(°)": 0.097771,
      "MeanDist(m)": 12817.05,
      "MaxDist(m)": 26927.45,
      "TLR": 1343.7659,
      "DDA(°)": 90.269,
      "MSDR(°)": 0.138269,
      "KL_Div": 17.192729,
      "Heatmap_Corr": -0.00815,
      "SensZone_Err": 0.129543,
      "NonSensZone_Err": 0.130818
    }
  }
}