Method,MAE,RMSE,Runtime
Fixed DP,0.3134004649587005,0.3782514959157762,0.005865812301635742
GAPBM,0.4049729282136332,0.49769953157903607,0.009863615036010742
