Trajectory_Length,MAE,RMSE,Runtime
100,0.41862093701393976,0.5082548370936959,0.0010159015655517578
500,0.4299879939796848,0.5168973558958008,0.0063359737396240234
